726382042,raamensavin,2023-12-09 00:45:12.039223
880031561,ksu_xoxo,2023-12-09 10:25:51.546502
607317158,faithwicca,2023-12-09 10:29:42.470140
851543905,I_Gizatullin,2023-12-09 10:31:12.848298
911354130,imaeroo,2023-12-09 10:40:34.311977
5328627206,,2023-12-09 10:59:44.968353
1038001537,edinorange,2023-12-09 11:01:22.806447
5377650409,,2023-12-09 11:12:18.022379
1206497777,Hello_kittythebest,2023-12-09 11:44:58.446636
5299226377,,2023-12-09 11:48:11.380864
1042163442,igorrusssss,2023-12-09 12:43:49.701449
1602987471,Lo1lr,2023-12-09 12:55:03.058364
5131848218,RePCmeR,2023-12-09 13:02:06.509869
6330549788,sas_vl,2023-12-09 13:07:51.398069
758812319,eeklkve,2023-12-09 13:30:36.391559
1717840725,YarikKorch,2023-12-09 13:33:57.533254
254078882,zorin_lev,2023-12-09 14:36:05.266855
5122062878,antonkostin1,2023-12-09 14:57:27.199266
1082270315,maaloyyyprvt,2023-12-09 15:04:20.427041
852635222,Roma_CooL228,2023-12-09 15:07:22.708580
5009611754,grishwq,2023-12-09 15:10:01.683423
808927521,kurilovaksenia,2023-12-09 15:22:37.286876
1459975264,ali0li0,2023-12-09 16:40:48.800060
1933227590,alekseyepif,2023-12-09 16:43:48.243408
5929905528,berezovoymikhail,2023-12-09 16:52:45.573355
1046156013,Vash_iq9_vi_pingvin,2023-12-09 17:08:53.549094
1149401789,free_spi_rit,2023-12-09 18:14:16.248556
5024262204,Vladimir_Smirnovf,2023-12-09 18:35:32.629292
1058139178,zlatachb,2023-12-09 18:39:44.425932
5144972273,kushin_nikita,2023-12-09 18:47:58.913603
718037930,vstetsenko,2023-12-09 18:48:35.809842
981466212,yarikksss,2023-12-09 19:00:50.824854
1041221578,CA2029spc171051618,2023-12-09 19:28:43.380747
6542765148,qqqqpwo,2023-12-09 19:34:34.598877
1181566108,alanita345,2023-12-09 19:57:25.884331
996467201,lillimonchik,2023-12-09 20:38:25.303292
1702991927,kkristttina,2023-12-09 22:13:22.930724
5426645035,godsels,2023-12-09 22:18:43.603962
879133793,dsecon2,2023-12-09 23:18:31.623670
223558280,ichtis,2023-12-10 07:51:12.128063
6398236366,,2023-12-10 08:48:21.441265
5007703667,viktorfrik,2023-12-10 08:54:43.910688
1873429791,MrKozlovski,2023-12-10 08:57:18.776695
1058899425,preju2027,2023-12-10 08:57:38.302460
6544647485,tajsja,2023-12-10 09:03:34.956984
920638914,TWert1s,2023-12-10 09:28:35.025965
967457055,iwance,2023-12-10 09:39:29.747076
1065244402,FaUrNeIs,2023-12-10 10:01:38.544586
816103217,Linayetkot,2023-12-10 10:07:50.648071
1153176007,Yfcshjdf,2023-12-10 10:10:00.762661
941477697,LeonidusBog,2023-12-10 10:18:37.127237
1065005253,Irbislar,2023-12-10 10:42:49.938305
1829197052,shapovalova_alks,2023-12-10 10:57:13.889928
611932424,avosthh,2023-12-10 10:58:40.898623
5308559246,dar_kkkk,2023-12-10 11:02:52.060344
1080379896,Sokol3805,2023-12-10 11:03:23.299214
5322895797,Paukova_Arina,2023-12-10 11:15:10.942926
1357696547,lennnnn_ny,2023-12-10 11:36:14.313452
827039012,Max_Pichulev,2023-12-10 11:37:23.898379
1307754088,Gemoskorp,2023-12-10 11:39:00.504706
809405427,meerccury,2023-12-10 11:45:03.271627
1767589934,s_u_n_s_t_a_r,2023-12-10 11:46:29.937712
879485167,AAntoxa_kartoxa,2023-12-10 12:07:59.697604
612046178,meow0wex,2023-12-10 12:12:14.108591
991720460,Sobolevskiy_Georgiy,2023-12-10 12:31:30.987045
5874247870,antikripochik,2023-12-10 12:35:14.329176
960425748,angel_zam,2023-12-10 12:35:33.488637
1514384684,VictorFilatov,2023-12-10 12:36:17.386487
5803671722,,2023-12-10 12:38:17.424003
6901401814,,2023-12-10 12:41:52.252629
1490230330,babkin_intbtb,2023-12-10 12:47:34.762087
1255662894,MakMih4815,2023-12-10 12:49:41.527139
1636313895,ordinary_egor,2023-12-10 13:04:32.370989
1050170633,NataliaMikhailova15,2023-12-10 13:06:14.205948
2025424421,avehound,2023-12-10 13:07:38.187510
886246648,SsK8q,2023-12-10 13:08:04.201397
1880073920,artemdolgih,2023-12-10 13:13:09.800554
722048682,ramzil_najmi,2023-12-10 13:17:48.852208
1367893834,Umar_Israfilov,2023-12-10 13:20:04.628350
1022282595,zakharinskv,2023-12-10 13:22:14.524447
1876040179,Dubney,2023-12-10 13:25:26.691992
1893758018,drD405,2023-12-10 13:25:46.292698
983342051,Ga66asov,2023-12-10 13:33:48.327752
970204971,Danil2503w,2023-12-10 13:35:42.382433
589715128,Kvant_006,2023-12-10 13:40:05.368927
1477285625,IV0ne1,2023-12-10 13:40:56.423624
1483419611,yulya_kuzinaa,2023-12-10 13:43:31.926626
810216715,imelisaveta,2023-12-10 14:00:37.792613
5490625932,pakulchik,2023-12-10 14:02:20.031637
1843208660,hengeho,2023-12-10 14:02:23.675467
1592363906,Nakii0,2023-12-10 14:03:58.512543
885637702,Morgotar,2023-12-10 14:05:52.817955
2067760378,nn_store_nn,2023-12-10 14:05:59.247964
1735807599,arseny_gf,2023-12-10 14:07:44.251595
1015440323,f89629119889,2023-12-10 14:08:29.277973
855718938,Anton_Slepukhin,2023-12-10 14:09:19.108664
5425156453,theplaguedlighthousekeeper,2023-12-10 14:17:56.443608
5755236240,Gleb_Nxx,2023-12-10 14:20:58.871436
1193435359,danvas1404,2023-12-10 14:21:33.272481
1314915285,NikPosleSobaki,2023-12-10 14:24:33.529500
5117183482,Lilacosy,2023-12-10 14:30:40.237969
933772685,hooneygirrrl,2023-12-10 14:32:49.620459
5701244102,Otsyk,2023-12-10 14:40:35.392244
629078579,Kyala_1,2023-12-10 14:47:57.759067
735771413,sssashkw,2023-12-10 14:50:53.246764
1328695949,,2023-12-10 15:05:44.690413
1652182736,relianceluv,2023-12-10 15:07:53.763583
1829824163,Valera1234432,2023-12-10 15:14:42.592115
1122038684,Korina_78,2023-12-10 15:19:19.534643
614854662,aleksiedkdj,2023-12-10 15:23:26.212246
317945789,mishstika,2023-12-10 15:25:06.707255
995398225,igor_grigoruk,2023-12-10 15:25:27.969338
785036057,marIeyn25,2023-12-10 15:30:12.810384
736360043,mouse11111,2023-12-10 15:39:44.984056
1092440036,chah1ik,2023-12-10 15:50:22.949823
1490031436,tur_chanocka,2023-12-10 15:55:42.068612
2140520356,gnommiks,2023-12-10 15:58:06.148953
844741030,yagatta,2023-12-10 15:59:28.856664
1198751169,alana135,2023-12-10 16:00:32.036660
1492449681,carlos_580,2023-12-10 16:04:47.737049
5124359185,,2023-12-10 16:09:07.048690
1229983153,rsuzd,2023-12-10 16:18:11.576425
239790164,konopleva_ant,2023-12-10 16:25:04.496274
703699729,kmitry,2023-12-10 16:40:03.380325
1034199038,Maks1tka_K,2023-12-10 16:43:35.436746
965767737,libvss,2023-12-10 17:12:16.092714
946462967,sunnix_21,2023-12-10 17:12:26.621901
1492505752,Pak_Yuri,2023-12-10 17:15:33.258754
1034489133,s_sashkaaa,2023-12-10 17:16:40.781210
2049690269,Dashkoth,2023-12-10 17:17:24.878912
1232880459,lliissyy,2023-12-10 17:17:57.652701
1031238210,haynasty,2023-12-10 17:18:12.891920
837533988,sonia_sli,2023-12-10 17:24:47.443148
1286354033,vik2840,2023-12-10 17:27:43.075761
636821666,venssonyya,2023-12-10 17:31:36.632147
6436657967,,2023-12-10 17:32:27.941243
2095694669,Chernogl,2023-12-10 17:34:38.304050
1080551672,orethana,2023-12-10 17:37:37.645143
1490872702,cvvnvm,2023-12-10 17:41:26.743582
1640686769,paulinkau,2023-12-10 17:45:36.535487
1326402508,Varya_lep,2023-12-10 17:49:13.759096
958262136,gre44k1n,2023-12-10 17:52:30.052330
1103195416,bigwillie3000,2023-12-10 17:59:42.417033
927726088,elvinka_ll,2023-12-10 18:10:37.446778
6356846644,polntar,2023-12-10 18:10:48.653514
2073010520,woriwii,2023-12-10 18:17:26.108566
1237919624,fedorshishakov,2023-12-10 18:20:20.279464
967617706,Andyklo,2023-12-10 18:20:43.219695
5019569707,Damirkat,2023-12-10 18:21:04.304616
1158116025,Isssskander,2023-12-10 18:25:09.519744
1373066889,ArtushKh,2023-12-10 18:35:47.725460
742045358,alinvolkova,2023-12-10 18:36:20.259154
1264926306,aleksandraverishko,2023-12-10 18:41:26.635952
837933016,,2023-12-10 18:51:10.474454
5131447377,Cactuspag,2023-12-10 18:53:39.107149
5338148652,assddkkpp,2023-12-10 18:58:55.607018
813918696,pnplle,2023-12-10 19:01:07.452754
738742098,chereshenkka,2023-12-10 19:06:24.976701
1251488497,Kolodashka,2023-12-10 19:33:46.700047
1049484194,JotaroArs,2023-12-10 19:34:06.063485
761015293,hero1031,2023-12-10 19:37:01.315969
5808421720,m_salova_2008,2023-12-10 19:43:03.878086
883870580,obukhovkd,2023-12-10 19:43:38.553777
942491242,alexandrabezruk,2023-12-10 19:45:47.529359
1378284132,sickb0yyy,2023-12-10 19:53:29.969194
1100063418,gsophrgepous,2023-12-10 19:55:54.838990
996801872,grigorii_danelyan,2023-12-10 19:59:14.596174
5260820892,,2023-12-10 20:01:48.158410
1106067744,volchharaa,2023-12-10 20:02:12.391566
1366799082,mariyellla,2023-12-10 20:05:54.750212
562160972,KoteikaKoteikin,2023-12-10 20:13:53.988313
1066880381,Oktinus,2023-12-10 20:29:02.392495
1001994202,stepvos,2023-12-10 20:29:39.704266
2010341475,meovvii,2023-12-10 20:30:18.155876
1036540522,Klariteel,2023-12-10 20:30:44.251311
609343265,peter7sx,2023-12-10 20:32:41.919352
1233144954,Kira_Safonova,2023-12-10 20:34:45.085120
936689826,mNwo_K,2023-12-10 20:35:12.892207
941480515,Nal_chicka,2023-12-10 20:37:22.801964
1482859122,KrasivayaKlava,2023-12-10 20:39:05.612016
438277715,l0x25l,2023-12-10 20:39:06.854092
1901265279,I7PA77,2023-12-10 20:49:12.363234
764592912,viafanaseva,2023-12-10 20:50:02.256764
5112589826,LipaAV,2023-12-10 20:58:52.548892
1450928394,dar24_3,2023-12-10 21:31:17.688067
745902302,a0rina,2023-12-10 21:31:46.368940
413443413,Arglemar,2023-12-10 21:34:50.237664
1636581872,zubooook,2023-12-10 21:48:36.230868
1084869090,soul1e,2023-12-10 22:54:50.341564
1960193979,pumpkinorso,2023-12-10 23:11:18.278362
